cocktail_name,ingredients_list,recipe,glassware,source
Aku Aku,"pineapple, mint leaves, lime juice, Demerara syrup, peach liqueur, blended lightly aged rum","5 (1-inch-square) chunks fresh, pineapple 8 mint leaves<br>
1 ounce fresh lime juice<br>
Scant 1⁄2 ounce SC Demerara syrup<br>
1⁄2 ounce natural peach liqueur (such as Mathilde, Combier, or Giffard)<br> 
11⁄2 ounces blended lightly aged rum",Chilled coupe,Smuggler's Cove
Pupule,"orange peel, lime juice, orange juice, cinnamon syrup, vanilla syrup, Allspice Dram, column still aged rum, Angostura bitters","Spiral-cut orange peel<br>
3⁄4 ounce fresh lime juice<br>
3⁄4 ounce fresh orange juice<br>
1⁄4 ounce SC Cinnamon Syrup<br>
1⁄4 ounce SC Vanilla Syrup<br>
1⁄4 ounce St. Elizabeth Allspice Dram<br>
2 ounces column still aged rum<br>
1 dash Angostura bitters",Footed pilsner,Smuggler's Cove
Don’s Own Grog,"lime juice, Demerara syrup, Grenadine, blackberry liqueur, blended aged rum, blended lightly aged rum, black blended rum, Angostura bitters","3⁄4 ounce fresh lime juice<br>
1⁄4 ounce SC Demerara syrup<br>
1 dash SC Grenadine<br>
1⁄2 ounce Leopold Brothers Rocky Mountain Blackberry Liqueur<br>
1 ounce blended aged rum<br>
1⁄2 ounce blended lightly aged rum<br>
1⁄2 ounce black blended rum<br>
1 dash Angostura bitters",Double old-fashioned,Smuggler's Cove
Port Au Prince,"lime juice, pineapple juice, Demerara syrup, Grenadine, Velvet Falernum, cane coffey still aged rum, Angostura bitters","1⁄2 ounce fresh lime juice<br>
1⁄2 ounce pineapple juice<br>
1⁄4 ounce SC Demerara syrup<br>
1 dash SC Grenadine<br>
1⁄2 ounce John D. Taylor’s Velvet Falernum<br>
11⁄2 ounces cane coffey still aged rum<br>
1 dash Angostura bitters",Footed pilsner,Smuggler's Cove
Three Dots and a Dash ,"lime juice, orange juice, honey syrup, Velvet Falernum, Allspice Dram, rhum agricole vieux, blended aged rum, Angostura bitters","1⁄2 ounce fresh lime juice<br>
1⁄2 ounce fresh orange juice<br>
1⁄2 ounce SC Honey Syrup<br>
1⁄4 ounce John D. Taylor’s Velvet Falernum<br>
1⁄4 ounce St. Elizabeth Allspice Dram<br>
11⁄2 ounces cane AOC Martinique rhum agricole vieux<br>
1⁄2 ounce blended aged rum<br>
1 dash Angostura bitters",Footed pilsner,Smuggler's Cove
Mexican El Diablo ,"lime, lime juice, crème de cassis, blanco tequila, ginger ale","1 lime wedge<br>
1⁄2 ounce fresh lime juice<br>
1⁄2 ounce natural crème de cassis<br>
11⁄2 ounces blanco tequila<br>
4 ounces real ginger ale",Collins or highball,Smuggler's Cove
Port Light,"egg white, bourbon, lemon juice, honey syrup, passion fruit syrup","1 ounce egg white<br>
2 ounces bourbon<br>
1 ounce fresh lemon juice<br>
3⁄4 ounce SC Honey Syrup<br>
1⁄2 ounce SC Passion Fruit Syrup",Footed pilsner,Smuggler's Cove
Demerara Dry Float ,"black blended overproof rum, lime juice, lemon juice, passion fruit syrup, Demerara syrup, Maraschino liqueur, blended aged rum","3⁄4 ounce black blended overproof rum<br>
2 ounces fresh lime juice<br>
1 teaspoon fresh lemon juice<br>
11⁄2 ounces SC Passion Fruit Syrup<br>
1⁄4 ounce SC Demerara syrup<br>
1⁄4 ounce Luxardo Maraschino liqueur<br>
11⁄2 ounces blended aged rum",Double old-fashioned glass and an old-fashioned or small shot glass,Smuggler's Cove
Jet Pilot,"lime juice, grapefruit juice, cinnamon syrup, Velvet Falernum, black blended rum, blended aged rum, black blended overproof rum, Herbstura","1⁄2 ounce fresh lime juice<br>
1⁄2 ounce fresh grapefruit juice<br>
1⁄2 ounce SC Cinnamon Syrup<br>
1⁄2 ounce John D. Taylor’s Velvet Falernum<br>
1 ounce black blended rum<br>
3⁄4 ounce blended aged rum<br>
3⁄4 ounce black blended overproof rum<br>
1 dash Herbstura",Double old-fashioned,Smuggler's Cove
Halekulani Cocktail,"lemon juice, orange juice, pineapple juice, Demerara syrup, Grenadine, bourbon, Angostura bitters","1⁄2 ounce fresh lemon juice<br>
1⁄2 ounce fresh orange juice<br>
1⁄2 ounce pineapple juice<br>
1⁄4 ounce SC Demerara syrup<br>
1⁄2 teaspoon SC Grenadine<br>
11⁄2 ounces bourbon<br>
1 dash Angostura bitters",Chilled coupe,Smuggler's Cove
Sidewinder’s Fang ,"orange peel, lime juice, orange juice, passion fruit syrup, seltzer, blended aged rum, black blended rum","Sidewinder’s Fang peel<br>
11⁄2 ounces fresh lime juice<br>
11⁄2 ounces fresh orange juice<br>
11⁄2 ounces SC Passion Fruit Syrup<br>
3 ounces seltzer<br>
1 ounce blended aged rum<br>
1 ounce black blended rum",Large (22-ounce) brandy snifter,Smuggler's Cove
Hawaiian Sunset ,"lime juice, lemon juice, Orgeat, Grenadine, vodka","1⁄2 ounce fresh lime juice<br>
1⁄2 ounce fresh lemon juice<br>
1⁄2 ounce SC Orgeat<br>
1 teaspoon SC Grenadine<br>
11⁄2 ounces vodka",Chilled coupe,Smuggler's Cove
Captain’s Grog ,"lime juice, grapefruit juice, maple syrup, vanilla extract, almond extract, seltzer, Velvet Falernum, dry curaçao, black blended rum, blended lightly aged rum, blended aged rum","1⁄2 ounce fresh lime juice<br>
1⁄2 ounce fresh grapefruit juice<br>
1⁄2 ounce grade A maple syrup<br>
3 drops pure vanilla extract<br>
3 drops pure almond extract<br>
1 ounce seltzer<br>
1⁄2 ounce John D. Taylor’s Velvet Falernum<br>
1⁄2 ounce Pierre Ferrand Dry Curaçao<br>
3⁄4 ounce black blended rum<br>
3⁄4 ounce blended lightly aged rum
3⁄4 ounce blended aged rum",Double old-fashioned,Smuggler's Cove
Suffering Bastard,"ginger beer, lime juice, Demerara syrup, London dry gin, brandy, Angostura bitters","4 ounces ginger beer<br>
1⁄2 ounce fresh lime juice<br>
1⁄4 ounce SC Demerara syrup<br>
1 ounce London dry gin<br>
1 ounce brandy<br>
2 dashes Angostura bitters",Collins or highball,Smuggler's Cove
Merciless Virgin ,"lemon juice, seltzer, Cherry Heering liqueur, Velvet Falernum, dry curaçao, blended lightly aged rum","3⁄4 ounce fresh lemon juice<br>
1⁄2 ounce seltzer<br>
1⁄2 ounce Cherry Heering liqueur<br>
1⁄2 ounce John D. Taylor’s Velvet Falernum<br>
1⁄4 ounce Pierre Ferrand Dry Curaçao<br>
11⁄2 ounces blended lightly aged rum",Footed pilsner,Smuggler's Cove
Saturn,"lemon juice, passion fruit syrup, Orgeat, Velvet Falernum, London dry gin","3⁄4 ounce fresh lemon juice<br>
1⁄2 ounce SC Passion Fruit Syrup<br>
1⁄4 ounce SC Orgeat<br>
1⁄4 ounce John D. Taylor’s Velvet Falernum<br>11⁄4 ounce London dry gin",Chilled coupe,Smuggler's Cove
Tiki Bowl ,"orange juice, lime juice, honey syrup, black blended rum, black blended overproof rum, column still aged rum, Herbstura","11⁄2 ounces fresh orange juice<br>
3⁄4 ounce fresh lime juice<br>
1 ounce SC Honey Syrup<br>
11⁄4 ounce black blended rum<br>
1 ounce black blended overproof rum<br>
1 ounce column still aged rum<br>
2 dashes Herbstura",Small (16- to 20-ounce) scorpion bowl or other decorative bowl,Smuggler's Cove
Hurricane ,"lemon juice, passion fruit syrup, black blended rum","2 ounces fresh lemon juice<br>
2 ounces SC Passion Fruit Syrup<br>4 ounces black blended rum",Small (15-ounce) hurricane (“squall”) glass,Smuggler's Cove
Mundo Perdido,"lemon juice, cinnamon syrup, Demerara syrup, apple brandy, black blended rum","3⁄4 ounce fresh lemon juice<br>
1⁄4 ounce SC Cinnamon Syrup<br>
1⁄4 ounce SC Demerara syrup<br>
1⁄2 ounce apple brandy<br>
11⁄2 ounces black blended rum",Chilled coupe,Smuggler's Cove
Formidable Dragon,"lemon juice, lime juice, honey syrup, molasses, Amaro Di Angostura, blended aged rum, black blended rum, pot still lightly aged rum (overproof), seltzer","3⁄4 ounce fresh lemon juice<br>
3⁄4 ounce fresh lime juice<br>
1⁄2 ounce SC Honey Syrup<br>
3⁄4 ounce SC Molasses Syrup<br>
1⁄2 ounce Amaro Di Angostura<br>
11⁄2 ounces blended aged rum<br>
1 ounce black blended rum<br>
1⁄4 ounce pot still lightly aged rum (overproof)<br>1 ounce seltzer",Large (22-ounce) brandy snifter,Smuggler's Cove
Lei Lani Volcano 2.0 (A.K.A. Lei Lani Nouveau) ,"guava soda, pineapple juice, lime juice, coconut cream, blended aged rum","3 ounces Bundaberg Guava soda<br>
11⁄2 ounces pineapple juice<br>
3⁄4 ounce lime juice<br>
1 ounce SC Coconut Cream<br>
11⁄2 ounces blended aged rum",Collins or highball,Smuggler's Cove
Tradewinds,"lemon juice, coconut cream, apricot liqueur, black blended rum, blended lightly aged rum","1 ounce fresh lemon juice<br>
11⁄2 ounces SC Coconut Cream<br>
1 ounce natural apricot liqueur (such as Rothman & Winter Apricot Liqueur or Giffard Abricot du Roussillon)<br>
1 ounce black blended rum<br>
1 ounce blended lightly aged rum",Zombie,Smuggler's Cove
Peachtree Punch 2.0,"peach, orange juice, lemon juice, coconut cream, peach liqueur, blended lightly aged rum, seltzer","1⁄2 fresh yellow or white peach, pitted, and coarsely chopped into chunks (with skin)<br>
3 ounces fresh orange juice<br>
1⁄2 ounce fresh lemon juice<br>
1 ounce SC Coconut Cream<br>
1⁄4 ounce natural peach liqueur (such as Mathilde Peach or Combier Crème de Pêche de Vigne)<br>
2 ounces blended lightly aged rum<br>1 ounce seltzer",Double old-fashioned,Smuggler's Cove
Jungle Bird,"pineapple juice, lime juice, Demerara syrup, Campari, black blended rum","2 ounces pineapple juice<br>
1⁄2 ounce fresh lime juice<br>
1⁄2 ounce SC Demerara syrup<br>
3⁄4 ounce Campari<br>
1-1⁄2 ounces black blended rum",Collins or highball,Smuggler's Cove
Golden Gun,"lime juice, grapefruit juice, Demerara syrup, apricot liqueur, blended aged rum, blended lightly aged rum, Angostura bitters","3⁄4 ounce fresh lime juice<br>
1⁄2 ounce fresh grapefruit juice<br>
1⁄2 ounce SC Demerara syrup<br>
1⁄2 ounce natural apricot liqueur (such as Rothman & Winter Apricot Liqueur or Giffard Abricot du Roussillon)<br>
1 ounce blended aged rum<br>
1 ounce blended lightly aged rum<br>2 dashes Angostura bitters",Collins or highball,Smuggler's Cove
Hinky Dinks Fizzy ,"sparkling wine, pineapple juice, lime juice, passion fruit syrup, apricot liqueur, London dry gin, blended lightly aged rum","2 ounces sparkling wine<br>
11⁄2 ounces pineapple juice<br>
1⁄2 ounce fresh lime juice<br>
1⁄2 ounce SC Passion Fruit Syrup<br>
1⁄2 ounce natural apricot liqueur (such as Rothman & Winter Apricot Liqueur or Giffard Abricot du Roussillon)<br>
1 ounce London dry gin<br>
1 ounce blended lightly aged rum",Large (22-ounce) brandy snifter,Smuggler's Cove
Pampanito,"lemon juice, molasses, seltzer, Allspice Dram, black blended rum, Angostura bitters","1 ounce fresh lemon juice<br>
1 ounce SC Molasses Syrup<br>
21⁄2 ounces seltzer<br>
1⁄4 ounce St. Elizabeth Allspice Dram<br>
11⁄2 ounces black blended rum<br>
1 dash Angostura bitters",Collins or highball,Smuggler's Cove
Max’s Mistake,"lemon juice, passion fruit syrup, honey syrup, London dry gin, Angostura bitters, dry sparkling lemonade","1 ounce fresh lemon juice<br>
1 ounce SC Passion Fruit Syrup<br>
1⁄2 ounce SC Honey Syrup<br>
2 ounces London dry gin<br>
1 dash Angostura bitters<br>
2 ounces Fentimans Victorian Lemonade (or any quality dry sparkling lemonade)",Large (22-ounce) brandy snifter,Smuggler's Cove
La Guildive,"ginger beer, lime juice, Licor 43 spiced liqueur, peach liqueur, blended aged rum, cinnamon","1 ounce ginger beer<br>
1⁄2 ounce fresh lime juice<br>
1⁄2 ounce Licor 43<br>
1⁄4 ounce natural peach liqueur (such as Mathilde Peach or Combier Crème de Pêche de Vigne)<br>
2 ounces blended aged rum Pinch of freshly grated cinnamon",Chilled coupe,Smuggler's Cove
The Twenty Seventy Swizzle ,"lime juice, Demerara syrup, honey syrup, Allspice Dram, column still aged rum, black blended overproof rum, Herbstura, nutmeg","1⁄2 ounce fresh lime juice<br>
1⁄2 ounce SC Demerara syrup<br>
1⁄2 ounce SC Honey Syrup<br>
1⁄4 ounce St. Elizabeth Allspice Dram<br>
1 ounce column still aged rum<br>
1 ounce black blended overproof rum<br>
1 dash Herbstura<br>
Pinch of freshly grated nutmeg",Collins or highball,Smuggler's Cove
Shudders in a Whisper ,"lime juice, passion fruit syrup, pear liqueur, Drambuie liqueur, seltzer, column still aged rum, Peychaud’s bitters, Angostura bitters","3⁄4 ounce fresh lime juice<br>
1⁄2 ounce SC Passion Fruit Syrup<br>
1⁄2 ounce natural pear liqueur (such as Mathilde Poire)<br>
1⁄4 ounce Drambuie liqueur<br>
2 ounces seltzer<br>
2 ounces column still aged rum<br>
2 dashes Peychaud’s bitters<br>
1 dash Angostura bitters",Large (22-ounce) brandy snifter,Smuggler's Cove
Cuevas,"cinnamon syrup, Punt e Mes, tawny port, blended aged rum, Bittermens ‘Elemakule Tiki bitters","1⁄4 ounce SC Cinnamon Syrup<br>
1⁄2 ounce Punt e Mes<br>
1⁄4 ounce tawny port<br>
2 ounces blended aged rum<br>
6 drops Bittermens ‘Elemakule Tiki bitters",Chilled coupe,Smuggler's Cove
Norwegian Paralysis ,"orange juice, pineapple juice, lemon juice, Demerara syrup, Orgeat, aquavit","11⁄2 ounces fresh orange juice<br>
11⁄2 ounces pineapple juice<br>
1⁄2 ounce fresh lemon juice<br>
1⁄4 ounce SC Demerara syrup<br>
1⁄4 ounce SC Orgeat<br>
11⁄2 ounces aquavit",Collins or highball,Smuggler's Cove
Juan Ho Royale ,"champagne, lime juice, Orgeat, blue curaçao, Velvet Falernum, tequila blanco","2 ounces champagne or sparkling wine<br>
3⁄4 ounce fresh lime juice<br>
1⁄2 ounce SC Orgeat<br>
1⁄2 ounce blue curaçao<br>
1⁄2 ounce John D. Taylor’s Velvet Falernum<br>11⁄2 ounces tequila blanco",Chilled coupe,Smuggler's Cove
Juan Ho Royale ,"sparkling wine, lime juice, Orgeat, blue curaçao, Velvet Falernum, tequila blanco","2 ounces champagne or sparkling wine<br>
3⁄4 ounce fresh lime juice<br>
1⁄2 ounce SC Orgeat<br>
1⁄2 ounce blue curaçao<br>
1⁄2 ounce John D. Taylor’s Velvet Falernum<br>
11⁄2 ounces tequila blanco",Chilled coupe,Smuggler's Cove
Chartreuse Swizzle ,"pineapple juice, lime juice, Velvet Falernum, Green Chartreuse","1 ounce pineapple juice<br>
3⁄4 ounce fresh lime juice<br>
1⁄2 ounce John D. Taylor’s Velvet Falernum<br>
11⁄2 ounces Green Chartreuse",Collins or Zombie glass,Smuggler's Cove
Roselita,"seltzer, lime juice, Orgeat, hibiscus liqueur, pear liqueur, column still aged rum, Peychaud’s bitters","11⁄2 ounces seltzer<br>
1⁄2 ounce fresh lime juice<br>
1⁄2 ounce SC Orgeat<br>
1⁄2 ounce SC Hibiscus Liqueur<br>
1⁄2 ounce natural pear liqueur (such as Mathilde Poire)<br>
11⁄2 ounces column still aged rum<br>
1 dash Peychaud’s bitters",Collins or highball glass,Smuggler's Cove
Center of the Galaxy ,"lime juice, Demerara syrup, honey syrup, raspberry liqueur, blended aged rum, cinnamon","1⁄2 ounce fresh lime juice<br>
1⁄2 ounce SC Demerara syrup<br>
1⁄2 ounce SC Honey Syrup<br>
1⁄2 ounce St. George Raspberry Liqueur<br>
2 ounces blended aged rum<br>
Pinch of freshly ground cinnamon",Chilled coupe,Smuggler's Cove
Callaloo Cooler ,"seltzer, lime juice, cinnamon syrup, Cherry Heering liqueur, blended lightly aged rum, Angostura bitters","1 ounce seltzer<br>
3⁄4 ounce fresh lime juice<br>
1⁄2 ounce SC Cinnamon Syrup<br>
1⁄2 ounce Cherry Heering<br>
2 ounces blended lightly aged rum<br>
1 dash Angostura bitters",Collins or highball,Smuggler's Cove
Top Notch Volcano ,"lime juice, pineapple juice, passion fruit puree, Demerara syrup, Maraschino liqueur, blended lightly aged rum, blended aged rum","4 ounces fresh lime juice<br>
4 ounces pineapple juice<br>
1 ounce passion fruit puree<br>
3 ounces SC Demerara syrup<br>
1 ounce Luxardo Maraschino liqueur<br>
4 ounces blended lightly aged rum<br>
4 ounces blended aged rum",Large (32- to 48-ounce) scorpion bowl and long (20-inch) luau straws or other punch bowl or decorative bowl with a ladle and cups.,Smuggler's Cove
The Naked Ape ,"lemon juice, cinnamon syrup, banana liqueur, black blended rum, pot still lightly aged rum (overproof), Angostura bitters","1⁄2 ounce fresh lemon juice<br>
1⁄2 ounce SC Cinnamon Syrup<br>
1⁄2 ounce Giffard Banane du Brésil banana liqueur<br>
11⁄2 ounces black blended rum<br>
1⁄2 ounce pot still lightly aged rum (overproof)<br>
1 dash Angostura bitters",Ape “Fez Wearin” Monkey Mug (or other tiki mug or double old-fashioned,Smuggler's Cove
Swizzle Français ,"lime juice, sugarcane syrup, Allspice Dram, rhum agricole vieux, nutmeg","1⁄2 ounce fresh lime juice<br>
1⁄2 ounce Martinique sugarcane syrup<br>
1⁄4 ounce St. Elizabeth Allspice Dram<br>
2 ounces cane AOC Martinique rhum agricole vieux<br>
Pinch of fresh ground nutmeg",Collins or highball,Smuggler's Cove
Sparkling Mai Tai ,"lime juice, Orgeat, dry curaçao, black blended overproof rum, blended aged rum, sparkling wine","1⁄4 ounce fresh lime juice<br>
1⁄4 ounce SC Orgeat<br>
1⁄2 ounce Pierre Ferrand Dry Curaçao<br>
1⁄4 ounce black blended overproof rum<br>
1⁄2 ounce blended aged rum<br>
4 ounces chilled sparkling wine",Champagne flute or coupe,Smuggler's Cove
The Ernesto ,"grapefruit soda, lime juice, honey syrup, apricot liqueur, tequila blanco, Herbstura","2 ounces Ting grapefruit soda<br>
1 ounce fresh lime juice<br>
1 ounce SC Honey Syrup<br>
1⁄2 ounce natural apricot liqueur (such as Rothman & Winter Apricot Liqueur or Giffard Abricot du Roussillon)<br>
2 ounces tequila blanco<br>
1 dash Herbstura",Double old-fashioned,Smuggler's Cove
The Sexpert,"lemon juice, passion fruit syrup, Velvet Falernum, pisco, gin, Bittermens Burlesque bitters","1⁄2 ounce fresh lemon juice<br>
1⁄2 ounce SC Passion Fruit Syrup<br>
1⁄2 ounce John D. Taylor’s Velvet Falernum<br>
11⁄2 ounces Peruvian pisco<br>
1⁄2 ounce gin<br>
6 drops Bittermens Burlesque bitters",Chilled coupe,Smuggler's Cove
Hana Reviver,"lemon juice, passion fruit honey, Li Hing Mui powder, seltzer, Maraschino liqueur, pot still unaged rum","1 ounce fresh lemon juice<br>
1 ounce SC Passion Fruit Honey<br>
1⁄4 barspoon li hing mui powder (see Resources)<br>
2 ounces seltzer<br>
1 barspoon Maraschino liqueur<br>
2 ounces pot still unaged rum",Footed pilsner,Smuggler's Cove
Kaiteur Swizzle,"lime juice, maple syrup, Velvet Falernum, blended aged rum, Angostura bitters","3⁄4 ounce fresh lime juice<br>
1⁄2 ounce Grade A maple syrup<br>
1⁄2 ounce John D. Taylor’s Velvet Falernum<br>
2 ounces blended aged rum (Guyana)<br>
2 dashes Angostura bitters",Collins or highball,Smuggler's Cove
The Expedition,"lime juice, cinnamon syrup, honey syrup, vanilla syrup, seltzer, coffee liqueur, black blended rum, bourbon","1 ounce fresh lime juice<br>
1⁄2 ounce SC Cinnamon Syrup<br>
1⁄2 ounce SC Honey Syrup<br>
1⁄4 ounce SC Vanilla Syrup<br>
2 ounces seltzer<br>
1⁄4 ounce Bittermens New Orleans Coffee Liqueur<br>
2 ounces black blended rum<br>
1 ounce bourbon",Kuhiko tiki mug or other 16-ounce mug or glass,Smuggler's Cove
The Undead Gentleman,"absinthe blanc, lime juice, grapefruit juice, cinnamon syrup, Velvet Falernum, black blended overproof rum, blended aged rum, Angostura bitters","1 dash absinthe blanc<br>
1⁄2 ounce fresh lime juice<br>
1⁄2 ounce fresh grapefruit juice (white or pink)<br>
1⁄2 ounce SC Cinnamon Syrup<br>
1⁄2 ounce John D. Taylor’s Velvet Falernum<br>
1 ounce black blended overproof rum<br>
11⁄2 ounces blended aged rum<br>
1 dash Angostura bitters",Chilled coupe,Smuggler's Cove
The Dead Reckoning ,"seltzer, lemon juice, pineapple juice, maple syrup, vanilla brandy, tawny port, blended aged rum, Angostura bitters","1 ounce seltzer<br>
1 ounce fresh lemon juice<br>
1 ounce pineapple juice<br>
1⁄2 ounce Grade A maple syrup<br>
1⁄2 ounce SC Vanilla Brandy (see Note, following)<br>
1⁄2 ounce tawny port<br>
2 ounces blended aged rum<br>
1 dash Angostura bitters",Collins or highball glass,Smuggler's Cove
Falinum ,"lemon juice, coconut cream, seltzer, Velvet Falernum, column still aged rum, orange bitters","1 ounce fresh lemon juice<br>
1 ounce SC Coconut Cream<br>
1 ounce seltzer<br>
1⁄2 ounce John D. Taylor’s Velvet Falernum<br>
2 ounces column still aged rum<br>
1 dash orange bitters",Tiki Kaimuki mug or double old-fashioned glass,Smuggler's Cove
Humuhumunukunukuapua’a ,"lemon juice, pineapple juice, Orgeat, gin, Peychaud’s bitters","3⁄4 ounce fresh lemon juice<br>
3⁄4 ounce pineapple juice<br>
1⁄2 ounce SC Orgeat<br>
2 ounces gin<br>
2 dashes Peychaud’s bitters",Double old-fashioned,Smuggler's Cove
Finkelgrog,"lime juice, grapefruit juice, Orgeat, Napa wine syrup, Licor 43 spiced liqueur, blended lightly aged rum, black blended rum, seltzer, cinnamon","1⁄2 ounce fresh lime juice<br>
1⁄2 ounce fresh grapefruit juice<br>
1⁄4 ounce SC Orgeat<br>
1⁄2 ounce Napa Wine Syrup (see Note, following)<br>
1⁄2 ounce Licor 43<br>
1 ounce blended lightly aged rum<br>
1 ounce black blended rum<br>
1 ounce seltzer<br>
Pinch of freshly ground cinnamon",Double old-fashioned,Smuggler's Cove
For Pete’s Sake ,"lime juice, Demerara syrup, hibiscus liqueur, Cherry Heering liqueur, pisco, Angostura bitters","3⁄4 ounce fresh lime juice<br>
1⁄2 ounce SC Demerara syrup<br>
1⁄2 ounce SC Hibiscus Liqueur<br>
1⁄2 ounce Cherry Heering<br>
11⁄2 ounces Peruvian pisco<br>
1 dash Angostura bitters",Double old-fashioned,Smuggler's Cove
Arrack Punch,"lemon juice, lime juice, Demerara syrup, Batavia arrack, pot still lightly aged rum (overproof), carbonated Chai Tea","2 ounces fresh lemon juice<br>
2 ounces fresh lime juice<br>
3 ounces SC Demerara syrup<br>
6 ounces Batavia arrack<br>
2 ounces pot still lightly aged rum (overproof)<br>
6 ounces Carbonated Chai Tea (see Note, following)",Small (32-ounce) punch bowl or other decorative bowl with a ladle and cups,Smuggler's Cove
El Draque,"mint leaves, Demerara syrup, lime juice, pot still aged cachaça","5 fresh mint leaves<br>
3⁄4 ounce SC Demerara syrup<br>
3⁄4 ounce fresh lime juice<br>
2 ounces pot still aged cachaça",Chilled coupe,Smuggler's Cove
Grog,"lime juice, Demerara syrup, rum","1⁄2 ounce fresh lime juice<br>
1⁄2 ounce SC Demerara syrup<br>
2 ounces rum (see Note, following)",Old-fashioned,Smuggler's Cove
Rum Flip,"egg, Demerara syrup, blended aged rum","1 medium egg<br>
1⁄4 ounce SC Demerara syrup<br>
2 ounces blended aged rum",Chilled coupe,Smuggler's Cove
Bombo,"Demerara syrup, blended aged rum","1⁄4 ounce SC Demerara syrup<br>
2 ounces blended aged rum",Old-fashioned,Smuggler's Cove
Calibogus,"seltzer, lime juice, molasses, spruce beer soda extract, Zirbenz Stone Pine liqueur, blended aged rum","3 ounces seltzer<br>
1⁄4 ounce fresh lime juice<br>
3⁄4 ounce SC Molasses Syrup<br>
1 drop spruce beer soda extract (see Resources)<br>
3⁄4 ounce Zirbenz Stone Pine liqueur<br>
11⁄4 ounce blended aged rum",Collins or highball,Smuggler's Cove
Mary Pickford ,"pineapple juice, Grenadine, Maraschino liqueur, blended lightly aged rum","11⁄2 ounces pineapple juice<br>
1 barspoon SC Grenadine<br>
6 drops Luxardo Maraschino liqueur<br>
11⁄2 ounces blended lightly aged rum",Chilled coupe,Smuggler's Cove
Daiquiri No. 1,"lime juice, Demerara syrup, blended lightly aged rum","3⁄4 ounce fresh lime juice<br>
1⁄2 ounce SC Demerara syrup<br>
2 ounces blended lightly aged rum",Chilled coupe,Smuggler's Cove
Hotel Nacional Special ,"pineapple, lime juice, Demerara syrup, apricot liqueur, blended lightly aged rum","3 or 4 (1-inch-square) pineapple chunks<br>
3⁄4 ounce fresh lime juice<br>
1⁄2 ounce SC Demerara syrup<br>
1⁄2 ounce natural apricot liqueur (such as Rothman & Winter Apricot Liqueur or Giffard Abricot du Roussillon)<br>
11⁄2 ounces blended lightly aged rum",Chilled coupe,Smuggler's Cove
Daisy de Santiago ,"lime juice, Demerara syrup, seltzer, Yellow Chartreuse, blended lightly aged rum","1 ounce fresh lime juice<br>
11⁄2 teaspoon SC Demerara syrup<br>
1 ounce seltzer<br>
1⁄2 ounce Yellow Chartreuse<br>
11⁄2 ounces blended lightly aged rum",Double old-fashioned,Smuggler's Cove
El Presidente,"Grenadine, dry vermouth, dry curaçao, blended lightly aged rum","1⁄2 teaspoon SC Grenadine<br>
3⁄4 ounce dry vermouth<br>
1⁄2 ounce Pierre Ferrand Dry Curaçao<br>
11⁄2 ounces blended lightly aged rum",Chilled coupe,Smuggler's Cove
Twelve Mile Limit,"lemon juice, Grenadine, blended lightly aged rum, rye, brandy","1⁄2 ounce fresh lemon juice<br>
1⁄2 ounce SC Grenadine<br>
1 ounce blended lightly aged rum<br>
1⁄2 ounce rye<br>
1⁄2 ounce brandy",Chilled coupe,Smuggler's Cove
Parisian Blonde,"dry curaçao, blended aged rum, sweet cream","1 ounce Pierre Ferrand Dry Curaçao<br>
1 ounce blended aged rum<br>
1 ounce sweet cream (see Note, following)",Chilled coupe,Smuggler's Cove
Cora Middleton,"egg white, blended aged rum, lime juice, Demerara syrup, raspberry gum syrup","2 teaspoons egg white<br>
2 ounces blended aged rum<br>
3⁄4 ounce fresh lime juice<br>
1⁄4 ounce SC Demerara syrup<br>
1⁄2 ounce Small Hand Foods Raspberry Gum Syrup",Chilled coupe,Smuggler's Cove
Millionaire Cocktail (No. 1) ,"lime juice, Grenadine, apricot liqueur, black pot still rum, sloe gin","3⁄4 ounce fresh lime juice<br>
1 dash SC Grenadine<br>
3⁄4 ounce natural apricot liqueur (such as Rothman & Winter Apricot Liqueur or Giffard Abricot du Roussillon)<br>
3⁄4 ounce black pot still rum or blended aged rum<br>
3⁄4 ounce sloe gin",Chilled coupe,Smuggler's Cove
Millionaire Cocktail (No. 1) ,"lime juice, Grenadine, apricot liqueur, blended aged rum, sloe gin","3⁄4 ounce fresh lime juice<br>
1 dash SC Grenadine<br>
3⁄4 ounce natural apricot liqueur (such as Rothman & Winter Apricot Liqueur or Giffard Abricot du Roussillon)<br>
3⁄4 ounce black pot still rum or blended aged rum<br>
3⁄4 ounce sloe gin",Chilled coupe,Smuggler's Cove
Batida de Maracujá e Coco ,"passion fruit puree, coconut milk, pot still aged cachaça, sweetened condensed milk","3⁄4 ounce passion fruit puree<br>
2 ounces coconut milk<br>
1 ounce pot still aged cachaça<br>
1 ounce sweetened condensed milk",Old-fashioned,Smuggler's Cove
Wray & Ting,"white overproof rum, grapefruit soda","11⁄2 ounces Wray & Nephew White Overproof Rum<br>
4 ounces Ting grapefruit soda",Collins or highball,Smuggler's Cove
Hibiscus Rum Punch,"seltzer, lime juice, hibiscus liqueur, Demerara syrup, blended aged rum","2 ounces seltzer<br>
1⁄2 ounce fresh lime juice<br>
1 ounce SC Hibiscus Liqueur<br>
1⁄3 ounce SC Demerara syrup<br>
11⁄2 ounces blended aged rum (Jamaica)",Collins or highball,Smuggler's Cove
Ti’ Punch / Ti’ Punch Vieux ,"sugarcane syrup, rhum agricole blanc, lime","1 teaspoon Martinique sugarcane syrup<br>
2 ounces cane AOC Martinique rhum agricole blanc (substitute an élevé sous bois, or rhum vieux for a Ti’ Punch Vieux)<br>
1 small rounded chunk of fresh lime (cut from the side of the lime, approximately the size of a quarter, with some pulp attached)",Old-fashioned,Smuggler's Cove
Barbados Rum Punch ,"lime juice, Demerara syrup, blended aged rum, Angostura bitters","1 ounce fresh lime juice<br>
1 ounce SC Demerara syrup<br>
2 ounces blended aged rum (Barbados)<br>
1 dash Angostura bitters",Footed pilsner,Smuggler's Cove
Jamaican Milk Punch,"whole milk, heavy whipping cream, Demerara syrup, black blended rum, vanilla extract, Angostura bitters","1 ounce whole milk<br>
1 ounce heavy whipping cream<br>
1⁄2 ounce SC Demerara syrup<br>
1 ounce black blended rum (Jamaica)<br>
6 drops vanilla extract<br>
1 dash Angostura bitters",Double old-fashioned,Smuggler's Cove
Corn and Oil,"Velvet Falernum, blended aged rum, Angostura bitters","1⁄2 ounce John D. Taylor’s Velvet Falernum<br>
2 ounces blended aged rum (Barbados)<br>
2 to 4 dashes Angostura bitters",Old-fashioned,Smuggler's Cove
Queen’s Park Swizzle ,"mint leaves, lime juice, Demerara syrup, black blended rum, Angostura bitters","4 mint leaves<br>
1⁄2 ounce fresh lime juice<br>
1⁄2 ounce SC Demerara syrup<br>
2 ounces black blended rum<br>
2 dashes Angostura bitters",Collins or highball,Smuggler's Cove
SC House Spiced Rum,"blended aged rum, vanilla bean, orange peel, allspice berries, cinnamon stick, cloves, nutmeg, black peppercorns, ginger, Demerara syrup","2 (750 ml) bottles blended aged rum<br>
1 (8-inch) vanilla bean (split lengthwise)<br>
1 (5 by 11⁄2-inch) strip of orange peel (with as little white pith as possible)<br>
6 allspice berries<br>
1 (8-inch) cinnamon stick<br>
6 whole cloves<br>
1⁄4 teaspoon freshly grated nutmeg<br>
10 whole black peppercorns<br>
2 slices fresh ginger (unpeeled), cut into quarter-size coins<br>
1⁄3 cup SC Demerara syrup, optional",two (750 ml) bottles,Smuggler's Cove
The Chadburn,"tawny port, pear liqueur, blended aged rum, Bittermens Xocolatl (Chocolate) Mole bitters","1⁄2 ounce tawny port<br>
1⁄2 ounce natural pear liqueur (such as Mathilde Poire)<br>
2 ounces blended aged rum<br>
6 drops Bittermens Xocolatl (Chocolate) Mole bitters",Chilled coupe,Smuggler's Cove
A Wish for Grace ,"lemon juice, simple syrup, dry curaçao, pot still lightly aged rum, Madeira, Angostura bitters","3⁄4 ounce fresh lemon juice<br>
1⁄2 ounce 2:1 Simple Syrup<br>
1⁄2 ounce Pierre Ferrand Dry Curaçao<br>
11⁄2 ounces pot still lightly aged rum<br>
3⁄4 ounce Blandy’s 5 Year Verdelho Madeira<br>
1 dash Angostura bitters",Chilled coupe,Smuggler's Cove
Hot Buttered Rum ,"Hot Buttered Rum Batter, blended aged rum, water","3 barspoons SC Hot Buttered Rum Batter (recipe follows)<br>
11⁄2 ounces blended aged rum<br>
6 ounces hot water",81⁄2-ounce Irish Coffee glass,Smuggler's Cove
SC Hot Buttered Rum Batter ,"cinnamon, nutmeg, black pepper, cloves, allspice, anise seed, butter, brown sugar, molasses, vanilla extract","1 teaspoon freshly ground cinnamon<br>
1 teaspoon freshly ground nutmeg<br>
1 teaspoon freshly ground black pepper<br>
3⁄4 teaspoon ground cloves<br>
1⁄2 teaspoon ground allspice<br>
1⁄2 teaspoon ground anise seed<br>
2 cups salted butter<br>
4 cups packed golden brown sugar<br>
2 tablespoons Brer Rabbit Mild Molasses<br>
1 teaspoon vanilla extract",storage container,Smuggler's Cove
Abricot Vieux,"apricot liqueur, rhum agricole vieux, Angostura bitters, orange bitters","1⁄2 ounce natural apricot liqueur (such as Rothman & Winter Apricot Liqueur or Giffard Abricot du Roussillon)<br>
2 ounces cane AOC Martinique rhum agricole vieux<br>
1 dash Angostura bitters<br>
1 dash orange bitters",Chilled coupe,Smuggler's Cove
Paniolo Old-Fashioned,"Li Hing Mui syrup, blended aged rum, Angostura bitters","1 teaspoon Li Hing Mui Syrup<br>
2 ounces blended aged rum<br>
1 dash Angostura bitters",Old-fashioned,Smuggler's Cove
Port Royal ,"lime juice, Jerk Syrup, blended lightly aged rum, white overproof rum, Hellfire Tincture","3⁄4 ounce fresh lime juice<br>
3⁄4 ounce SC Jerk Syrup<br>
11⁄2 ounces blended lightly aged rum<br>
1⁄2 ounce Wray & Nephew white overproof rum<br>
5 drops SC Hellfire Tincture",Chilled coupe,Smuggler's Cove
Kingston Palaka,"lemon juice, Li Hing Mui powder, Drambuie liqueur, blended aged rum","1⁄2 ounce fresh lemon juice<br>
1⁄8 teaspoon li hing mui powder (see Resources)<br>
1 ounce Drambuie<br>
11⁄2 ounces blended aged rum (Jamaica)",Chilled coupe,Smuggler's Cove
Donn Day Afternoon ,"lime juice, cinnamon syrup, grapefruit beer, rhum agricole blanc","1⁄2 ounce fresh lime juice<br>
1⁄2 ounce SC Cinnamon Syrup<br>
4 ounces chilled Stiegl-Radler Grapefruit Beer<br>
2 ounces cane AOC Martinique rhum agricole blanc",Double old-fashioned,Smuggler's Cove
Baie du Galion,"Green Chartreuse, Drambuie liqueur, rhum agricole blanc","1⁄2 ounce Green Chartreuse<br>
1⁄4 ounce Drambuie<br>
2 ounces cane AOC Martinique rhum agricole blanc",Chilled coupe,Smuggler's Cove
Agricole Guava Cooler ,"guava soda, lime juice, Licor 43 spiced liqueur, rhum agricole blanc, Angostura bitters","2 ounces Bundaberg guava soda<br>
3⁄4 ounce fresh lime juice<br>
3⁄4 ounce Licor 43 spiced liqueur<br>
2 ounces cane AOC Martinique rhum agricole blanc<br>
2 dashes Angostura bitters",Collins or highball glass,Smuggler's Cove
Richard Sealebach,"dry curaçao, rum, Angostura bitters, Peychaud’s bitters, champagne","1⁄2 ounce Pierre Ferrand Dry Curaçao<br>
1 ounce R. L. Seale 10 Year rum<br>
7 dashes Angostura bitters<br>
7 dashes Peychaud’s bitters<br>
4 ounces chilled champagne",Champagne flute,Smuggler's Cove
Cosa Nostra #2 ,"lemon juice, Amaro Averna, blended lightly aged rum, Angostura bitters, ginger ale","3⁄4 ounce fresh lemon juice<br>
11⁄2 ounces Amaro Averna<br>
1 ounce blended lightly aged rum<br>
1 dash Angostura bitters<br>
2 ounces real ginger ale",Footed pilsner,Smuggler's Cove
Spontaneous Rumbustion ,"lemon juice, honey syrup, black blended overproof rum, pot still lightly aged rum (overproof), water","3⁄4 ounce fresh lemon juice<br>
1⁄2 ounce SC Honey Syrup<br>
11⁄2 ounces black blended overproof rum<br>
1⁄2 ounce pot still lightly aged rum (overproof)<br>
4 ounces boiling water",81⁄2-ounce Irish coffee or other heat-resistant glass,Smuggler's Cove
Boo Loo,"pineapple, pineapple juice, lime juice, honey syrup, blended aged rum, column still aged rum, black blended rum, black blended overproof rum, seltzer","6 (1-inch-square) chunks fresh pineapple<br>
21⁄2 ounces pineapple juice<br>
11⁄2 ounces fresh lime juice<br>
11⁄4 ounces SC Honey Syrup<br>
11⁄2 ounces blended aged rum<br>
11⁄2 ounces column still aged rum<br>
3⁄4 ounce black blended rum<br>
3⁄4 ounce black blended overproof rum<br>
11⁄2 ounces seltzer",Hollowed-out pineapple with the core removed,Smuggler's Cove
Caribeño,"coconut water, Demerara syrup, column still lightly aged rum, London dry gin","4 ounces coconut water<br>
1⁄4 ounce SC Demerara syrup<br>
2 ounces column still lightly aged rum or London dry gin",Drained young coconut shell,Smuggler's Cove
Monk’s Respite ,"coconut water, lemon juice, honey syrup, Yellow Chartreuse, gin, seltzer, orange bitters","3 ounces fresh coconut water<br>
1⁄2 ounce fresh lemon juice<br>
1⁄4 ounce SC Honey Syrup<br>
1⁄4 ounce Yellow Chartreuse<br>
11⁄2 ounces Broker’s gin<br>
1 ounce seltzer<br>
1 dash orange bitters",Drained young coconut shell,Smuggler's Cove
The Mastadon ,"pineapple juice, lime juice, passion fruit puree, Licor 43 spiced liqueur, Maraschino liqueur, blended aged rum, bourbon, Peychaud’s bitters","3 ounces pineapple juice<br>
1⁄2 ounce fresh lime juice<br>
1 ounce passion fruit puree<br>
1⁄2 ounce Licor 43<br>
1⁄2 ounce Maraschino liqueur<br>
11⁄2 ounces blended aged rum<br>
11⁄2 ounces bourbon<br>
2 dashes Peychaud’s bitters",Hollowed-out pineapple,Smuggler's Cove
Piñata,"pineapple juice, lemon juice, Demerara syrup, ginger liqueur, Allspice Dram, black blended rum, blended lightly aged rum","3 ounces pineapple juice<br>
1 ounce fresh lemon juice<br>
1⁄4 to 1⁄2 ounce SC Demerara syrup<br>
1 ounce ginger liqueur<br>
1⁄2 ounce St. Elizabeth Allspice Dram<br>
1 ounce black blended rum<br>
1 ounce blended lightly aged rum",Hollowed-out pineapple,Smuggler's Cove
Bumboat,"pineapple juice, lemon juice, cinnamon syrup, rye, blended lightly aged rum, almond extract, Bittermens ‘Elemakule Tiki bitters, black blended overproof rum","2 ounces pineapple juice<br>
11⁄2 ounces fresh lemon juice<br>
3⁄4 ounce SC Cinnamon Syrup<br>
1 ounce rye<br>
1 ounce blended lightly aged rum<br>
3 drops almond extract<br>
6 drops Bittermens ‘Elemakule Tiki bitters<br>
3⁄4 ounce black blended overproof rum",Hollowed-out pineapple,Smuggler's Cove
Planter’s Punch ,"lime juice, Demerara syrup, Allspice Dram, blended aged rum, Angostura bitters","1 ounce fresh lime juice<br>
3⁄4 ounce SC Demerara syrup<br>
1⁄4 ounce St. Elizabeth Allspice Dram<br>
3 ounces blended aged rum (Jamaica)<br>
2 dashes Angostura bitters",Collins or highball,Smuggler's Cove
Mai Tai,"lime juice, Tai Rich simple syrup, Orgeat, dry curaçao, blended aged rum","3⁄4 ounce fresh lime juice<br>
1⁄4 ounce SC Mai Tai Rich Simple Syrup<br>
1⁄4 ounce SC Orgeat syrup<br>
1⁄2 ounce Pierre Ferrand dry curaçao<br>
2 ounces blended aged rum",Double old-fashioned glass,Smuggler's Cove
Doctor Funk,"lemon juice, Grenadine, lime juice, Demerara syrup, Herbsaint, black pot still unaged rum, seltzer","1⁄2 ounce fresh lemon juice<br>
1⁄4 ounce SC Grenadine<br>
1⁄2 ounce fresh lime juice<br>
1⁄2 ounce SC Demerara Simple Syrup<br>
1⁄4 ounce Herbsaint<br>
21⁄4 ounce black pot still unaged rum<br>
1 ounce seltzer",Double old-fashioned glass,Smuggler's Cove
Zombie,"lime juice, grapefruit juice, cinnamon syrup, Grenadine, Velvet Falernum, blended aged rum, column still aged rum, black blended overproof rum, Herbstura","3⁄4 ounce fresh lime juice<br>
1⁄4 ounce fresh grapefruit juice<br>
1⁄4 ounce SC Cinnamon Syrup<br>
1 teaspoon SC Grenadine<br>
1⁄2 ounce John D. Taylor’s Velvet Falernum<br>
11⁄2 ounces blended aged rum<br>
11⁄2 ounces column still aged rum<br>
1 ounce black blended overproof rum<br>
2 dashes Herbstura",Zombie glass,Smuggler's Cove
Navy Grog ,"lime juice, grapefruit juice, Demerara syrup, Allspice Dram, pot still lightly aged rum (overproof), blended lightly aged rum, column still aged rum","3⁄4 ounce fresh lime juice<br>
3⁄4 ounce fresh grapefruit juice<br>
1⁄4 ounce SC Demerara syrup<br>
1⁄4 ounce St. Elizabeth Allspice Dram<br>
1 ounce pot still lightly aged rum (overproof)<br>
1 ounce blended lightly aged rum<br>
1 ounce column still aged rum",Double old-fashioned,Smuggler's Cove
Scorpion,"lime juice, orange juice, Demerara syrup, Orgeat, brandy, London dry gin, blended lightly aged rum","2 ounces fresh lime juice<br>
4 ounces fresh orange juice<br>
11⁄2 ounces SC Demerara syrup<br>
2 ounces SC Orgeat<br>
2 ounces brandy<br>
4 ounces London Dry Gin<br>
4 ounces blended lightly aged rum",Large (32-48 ounce) scorpion bowl and long 20” luau straws or other punch bowl or decorative bowl with a ladle and cups,Smuggler's Cove
Fog Cutter ,"lemon juice, orange juice, Orgeat, pisco, gin, blended lightly aged rum, oloroso sherry","11⁄2 ounce fresh lemon juice<br>
11⁄2 ounce fresh orange juice<br>
1⁄2 ounce SC Orgeat<br>
1 ounce pisco<br>
1⁄2 ounce gin<br>
2 ounces blended lightly aged rum<br>
1⁄2 ounce oloroso sherry",Zombie glass or Fog Cutter mug,Smuggler's Cove
Singapore Sling ,"seltzer, lemon juice, Demerara syrup, Cherry Heering liqueur, Benedictine, London dry gin, Angostura bitters, orange bitters","2 ounces seltzer<br>
3⁄4 ounce fresh lemon juice<br>
1⁄4 ounce SC Demerara syrup<br>
1⁄2 ounce Cherry Heering liqueur<br>
1⁄4 ounce Benedictine<br>
11⁄2 ounce London Dry Gin<br>
1 dash Angostura bitters<br>
1 dash orange bitters",Collins or highball,Smuggler's Cove
Hondo Hattie’s Jungle Punch! ,"lemon juice, honey syrup, blue curaçao, tawny port, Velvet Falernum, pear liqueur, blended aged rum, Angostura bitters","1 ounce fresh lemon juice<br>
1⁄2 ounce SC Honey Syrup<br>
1⁄4 ounce blue curaçao<br>
1⁄4 ounce tawny port<br>
1⁄2 ounce John D. Taylor’s Velvet Falernum<br>
1⁄4 ounce natural pear liqueur (such as Mathilde Poire)<br>
2 ounces blended aged rum<br>
1 dash Angostura bitters",Punch glassware,Smuggler's Cove
Kahiko Punch,"lemon juice, passion fruit honey, cinnamon syrup, hibiscus liqueur, pot still unaged rum, Bittermens ‘Elemakule Tiki bitters","1 ounce fresh lemon juice<br>
11⁄2 ounces SC Passion Fruit Honey<br>
1⁄2 ounce SC Cinnamon Syrup<br>
1⁄2 ounce SC Hibiscus Liqueur<br>
2 ounces pot still unaged rum<br>
6 drops Bittermens ‘Elemakule Tiki bitters",Punch glassware,Smuggler's Cove
Triumvirate Punch,"lime juice, passion fruit honey, Allspice Dram, pot still unaged rum, Angostura bitters, nutmeg","3⁄4 ounce fresh lime juice<br>
1 ounce SC Passion Fruit Honey<br>
1⁄4 ounce St. Elizabeth Allspice Dram<br>
11⁄2 ounces pot still unaged rum<br>
2 dashes Angostura bitters<br>
Pinch of freshly grated nutmeg",Punch glassware,Smuggler's Cove
Eureka Punch ,"lemon juice, honey syrup, Yellow Chartreuse, column still aged rum, Angostura bitters, ginger ale","11⁄2 ounces fresh lemon juice<br>
1 ounce SC Honey Syrup<br>
1⁄2 ounce Yellow Chartreuse<br>
11⁄2 ounces column still aged rum<br>
1 dash Angostura bitters<br>
2 ounces real ginger ale",Punch glassware,Smuggler's Cove
Yuletidal Wave,"pineapple juice, lemon juice, pear liqueur, Licor 43 spiced liqueur, Allspice Dram, brandy, bourbon, column still aged rum","2 ounces pineapple juice<br>
1 ounce fresh lemon juice<br>
1⁄2 ounce natural pear liqueur (such as Mathilde Poire)<br>
1⁄2 ounce Licor 43<br>
1⁄4 ounce St. Elizabeth Allspice Dram<br>
1⁄2 ounce brandy<br>
1 ounce bourbon<br>
1 ounce column still aged rum",Punch glassware,Smuggler's Cove
 Rumbustion Punch,"lime juice, Demerara syrup, cinnamon syrup, blended aged rum, blended lightly aged rum, Herbstura","1 ounce fresh lime juice<br>
1⁄2 ounce SC Demerara syrup<br>
1⁄4 ounce SC Cinnamon Syrup<br>
1 ounce blended aged rum<br>
1 ounce blended lightly aged rum<br>2 dashes Herbstura",Punch glassware,Smuggler's Cove
 Puka Punch,"lime juice, orange juice, pineapple juice, honey syrup, passion fruit syrup, Velvet Falernum, blended aged rum, blended lightly aged rum, black blended rum, Angostura bitters, black blended overproof rum","1 ounce fresh lime juice<br>
3⁄4 ounce fresh orange juice<br>
3⁄4 ounce pineapple juice<br>
1 ounce SC Honey Syrup<br>
3⁄4 ounce SC Passion Fruit Syrup<br>
1⁄2 ounce John D. Taylor’s Velvet Falernum<br>
1 ounce blended aged rum<br>
1 ounce blended lightly aged rum<br>
3⁄4 ounce black blended rum<br>
1 dash Angostura bitters
3⁄4 ounce black blended overproof rum",Large (22-ounce) brandy snifter,Smuggler's Cove